Parameter,Value
MSE,2.413861386138614
MAE,0.5287128712871287
R-SQUARED,0.35747081927310953
RMSE,1.5536606405964637
ACCURACY,0.8386138613861386
