Parameter,Value
MSE,0.985
MAE,0.169
R-SQUARED,0.7538644376530187
RMSE,0.9924716620639604
ACCURACY,0.9625
