Parameter,Value
MSE,0.474
MAE,0.095
R-SQUARED,0.8745648057028026
RMSE,0.6884765791223402
ACCURACY,0.9765
