Parameter,Value
MSE,0.4805
MAE,0.0855
R-SQUARED,0.8706570427072006
RMSE,0.6931810730249348
ACCURACY,97.89999999999999
